asin	itemID
0_Toy Story	0
1_GoldenEye	1
2_Four Rooms	2
3_Get Shorty	3
4_Copycat	4
5_Shanghai Triad (Yao a yao yao dao waipo qiao)	5
6_Twelve Monkeys	6
7_Babe	7
8_Dead Man Walking	8
9_Richard III	9
10_Seven (Se7en)	10
11_Usual Suspects, The	11
12_Mighty Aphrodite	12
13_Postino, Il	13
14_Mr. Holland's Opus	14
15_French Twist (Gazon maudit)	15
16_From Dusk Till Dawn	16
17_White Balloon, The	17
18_Antonia's Line	18
19_Angels and Insects	19
20_Muppet Treasure Island	20
21_Braveheart	21
22_Taxi Driver	22
23_Rumble in the Bronx	23
24_Birdcage, The	24
25_Brothers McMullen, The	25
26_Bad Boys	26
27_Apollo 13	27
28_Batman Forever	28
29_Belle de jour	29
30_Crimson Tide	30
31_Crumb	31
32_Desperado	32
33_Doom Generation, The	33
34_Free Willy 2 The Adventure Home	34
35_Mad Love	35
36_Nadja	36
37_Net, The	37
38_Strange Days	38
39_To Wong Foo, Thanks for Everything! Julie Newmar	39
40_Billy Madison	40
41_Clerks	41
42_Disclosure	42
43_Dolores Claiborne	43
44_Eat Drink Man Woman	44
45_Exotica	45
46_Ed Wood	46
47_Hoop Dreams	47
48_I.Q.	48
49_Star Wars	49
50_Legends of the Fall	50
51_Madness of King George, The	51
52_Natural Born Killers	52
53_Outbreak	53
54_Professional, The	54
55_Pulp Fiction	55
56_Priest	56
57_Quiz Show	57
58_Three Colors Red	58
59_Three Colors Blue	59
60_Three Colors White	60
61_Stargate	61
62_Santa Clause, The	62
63_Shawshank Redemption, The	63
64_What's Eating Gilbert Grape	64
65_While You Were Sleeping	65
66_Ace Ventura Pet Detective	66
67_Crow, The	67
68_Forrest Gump	68
69_Four Weddings and a Funeral	69
70_Lion King, The	70
71_Mask, The	71
72_Maverick	72
73_Faster Pussycat! Kill! Kill!	73
74_Brother Minister The Assassination of Malcolm X	74
75_Carlito's Way	75
76_Firm, The	76
77_Free Willy	77
78_Fugitive, The	78
79_Hot Shots! Part Deux	79
80_Hudsucker Proxy, The	80
81_Jurassic Park	81
82_Much Ado About Nothing	82
83_Robert A. Heinlein's The Puppet Masters	83
84_Ref, The	84
85_Remains of the Day, The	85
86_Searching for Bobby Fischer	86
87_Sleepless in Seattle	87
88_Blade Runner	88
89_So I Married an Axe Murderer	89
90_Nightmare Before Christmas, The	90
91_True Romance	91
92_Welcome to the Dollhouse	92
93_Home Alone	93
94_Aladdin	94
95_Terminator 2 Judgment Day	95
96_Dances with Wolves	96
97_Silence of the Lambs, The	97
98_Snow White and the Seven Dwarfs	98
99_Fargo	99
100_Heavy Metal	100
101_Aristocats, The	101
102_All Dogs Go to Heaven 2	102
103_Theodore Rex	103
104_Sgt. Bilko	104
105_Diabolique	105
106_Moll Flanders	106
107_Kids in the Hall Brain Candy	107
108_Mystery Science Theater 3000 The Movie	108
109_Operation Dumbo Drop	109
110_Truth About Cats & Dogs, The	110
111_Flipper	111
112_Horseman on the Roof, The (Hussard sur le toit, Le)	112
113_Wallace & Gromit The Best of Aardman Animation	113
114_Haunted World of Edward D. Wood Jr., The	114
115_Cold Comfort Farm	115
116_Rock, The	116
117_Twister	117
118_Maya Lin A Strong Clear Vision	118
119_Striptease	119
120_Independence Day (ID4)	120
121_Cable Guy, The	121
122_Frighteners, The	122
123_Lone Star	123
124_Phenomenon	124
125_Spitfire Grill, The	125
126_Godfather, The	126
127_Supercop	127
128_Bound	128
129_Kansas City	129
130_Breakfast at Tiffany's	130
131_Wizard of Oz, The	131
132_Gone with the Wind	132
133_Citizen Kane	133
134_2001 A Space Odyssey	134
135_Mr. Smith Goes to Washington	135
136_Big Night	136
137_D3 The Mighty Ducks	137
138_Love Bug, The	138
139_Homeward Bound The Incredible Journey	139
140_20,000 Leagues Under the Sea	140
141_Bedknobs and Broomsticks	141
142_Sound of Music, The	142
143_Die Hard	143
144_Lawnmower Man, The	144
145_Unhook the Stars	145
146_Long Kiss Goodnight, The	146
147_Ghost and the Darkness, The	147
148_Jude	148
149_Swingers	149
150_Willy Wonka and the Chocolate Factory	150
151_Sleeper	151
152_Fish Called Wanda, A	152
153_Monty Python's Life of Brian	153
154_Dirty Dancing	154
155_Reservoir Dogs	155
156_Platoon	156
157_Weekend at Bernie's	157
158_Basic Instinct	158
159_Glengarry Glen Ross	159
160_Top Gun	160
161_On Golden Pond	161
162_Return of the Pink Panther, The	162
163_Abyss, The	163
164_Jean de Florette	164
165_Manon of the Spring (Manon des sources)	165
166_Private Benjamin	166
167_Monty Python and the Holy Grail	167
168_Wrong Trousers, The	168
169_Cinema Paradiso	169
170_Delicatessen	170
171_Empire Strikes Back, The	171
172_Princess Bride, The	172
173_Raiders of the Lost Ark	173
174_Brazil	174
175_Aliens	175
176_Good, The Bad and The Ugly, The	176
177_12 Angry Men	177
178_Clockwork Orange, A	178
179_Apocalypse Now	179
180_Return of the Jedi	180
181_GoodFellas	181
182_Alien	182
183_Army of Darkness	183
184_Psycho	184
185_Blues Brothers, The	185
186_Godfather Part II, The	186
187_Full Metal Jacket	187
188_Grand Day Out, A	188
189_Henry V	189
190_Amadeus	190
191_Raging Bull	191
192_Right Stuff, The	192
193_Sting, The	193
194_Terminator, The	194
195_Dead Poets Society	195
196_Graduate, The	196
197_Nikita (La Femme Nikita)	197
198_Bridge on the River Kwai, The	198
199_Shining, The	199
200_Evil Dead II	200
201_Groundhog Day	201
202_Unforgiven	202
203_Back to the Future	203
204_Patton	204
205_Akira	205
206_Cyrano de Bergerac	206
207_Young Frankenstein	207
208_This Is Spinal Tap	208
209_Indiana Jones and the Last Crusade	209
210_MASH	210
211_Unbearable Lightness of Being, The	211
212_Room with a View, A	212
213_Pink Floyd - The Wall	213
214_Field of Dreams	214
215_When Harry Met Sally...	215
216_Bram Stoker's Dracula	216
217_Cape Fear	217
218_Nightmare on Elm Street, A	218
219_Mirror Has Two Faces, The	219
220_Breaking the Waves	220
221_Star Trek First Contact	221
222_Sling Blade	222
223_Ridicule	223
224_101 Dalmatians	224
225_Die Hard 2	225
226_Star Trek VI The Undiscovered Country	226
227_Star Trek The Wrath of Khan	227
228_Star Trek III The Search for Spock	228
229_Star Trek IV The Voyage Home	229
230_Batman Returns	230
231_Young Guns	231
232_Under Siege	232
233_Jaws	233
234_Mars Attacks!	234
235_Citizen Ruth	235
236_Jerry Maguire	236
237_Raising Arizona	237
238_Sneakers	238
239_Beavis and Butt-head Do America	239
240_Last of the Mohicans, The	240
241_Kolya	241
242_Jungle2Jungle	242
243_Smilla's Sense of Snow	243
244_Devil's Own, The	244
245_Chasing Amy	245
246_Turbo A Power Rangers Movie	246
247_Grosse Pointe Blank	247
248_Austin Powers International Man of Mystery	248
249_Fifth Element, The	249
250_Shall We Dance	250
251_Lost World Jurassic Park, The	251
252_Pillow Book, The	252
253_Batman & Robin	253
254_My Best Friend's Wedding	254
255_When the Cats Away (Chacun cherche son chat)	255
256_Men in Black	256
257_Contact	257
258_George of the Jungle	258
259_Event Horizon	259
260_Air Bud	260
261_In the Company of Men	261
262_Steel	262
263_Mimic	263
264_Hunt for Red October, The	264
265_Kull the Conqueror	265
266_u	266
267_Chasing Amy	267
268_Full Monty, The	268
269_Gattaca	269
270_Starship Troopers	270
271_Good Will Hunting	271
272_Heat	272
273_Sabrina	273
274_Sense and Sensibility	274
275_Leaving Las Vegas	275
276_Restoration	276
277_Bed of Roses	277
278_Once Upon a Time... When We Were Colored	278
279_Up Close and Personal	279
280_River Wild, The	280
281_Time to Kill, A	281
282_Emma	282
283_Tin Cup	283
284_Secrets & Lies	284
285_English Patient, The	285
286_Marvin's Room	286
287_Scream	287
288_Evita	288
289_Fierce Creatures	289
290_Absolute Power	290
291_Rosewood	291
292_Donnie Brasco	292
293_Liar Liar	293
294_Breakdown	294
295_Promesse, La	295
296_Ulee's Gold	296
297_FaceOff	297
298_Hoodlum	298
299_Air Force One	299
300_In & Out	300
301_L.A. Confidential	301
302_Ulee's Gold	302
303_Fly Away Home	303
304_Ice Storm, The	304
305_Mrs. Brown (Her Majesty, Mrs. Brown)	305
306_Devil's Advocate, The	306
307_FairyTale A True Story	307
308_Deceiver	308
309_Rainmaker, The	309
310_Wings of the Dove, The	310
311_Midnight in the Garden of Good and Evil	311
312_Titanic	312
313_3 Ninjas High Noon At Mega Mountain	313
314_Apt Pupil	314
315_As Good As It Gets	315
316_In the Name of the Father	316
317_Schindler's List	317
318_Everyone Says I Love You	318
319_Paradise Lost The Child Murders at Robin Hood Hills	319
320_Mother	320
321_Murder at 1600	321
322_Dante's Peak	322
323_Lost Highway	323
324_Crash	324
325_G.I. Jane	325
326_Cop Land	326
327_Conspiracy Theory	327
328_Desperate Measures	328
329_187	329
330_Edge, The	330
331_Kiss the Girls	331
332_Game, The	332
333_U Turn	333
334_How to Be a Player	334
335_Playing God	335
336_House of Yes, The	336
337_Bean	337
338_Mad City	338
339_Boogie Nights	339
340_Critical Care	340
341_Man Who Knew Too Little, The	341
342_Alien Resurrection	342
343_Apostle, The	343
344_Deconstructing Harry	344
345_Jackie Brown	345
346_Wag the Dog	346
347_Desperate Measures	347
348_Hard Rain	348
349_Fallen	349
350_Prophecy II, The	350
351_Spice World	351
352_Deep Rising	352
353_Wedding Singer, The	353
354_Sphere	354
355_Client, The	355
356_One Flew Over the Cuckoo's Nest	356
357_Spawn	357
358_Assignment, The	358
359_Wonderland	359
360_Incognito	360
361_Blues Brothers 2000	361
362_Sudden Death	362
363_Ace Ventura When Nature Calls	363
364_Powder	364
365_Dangerous Minds	365
366_Clueless	366
367_Bio-Dome	367
368_Black Sheep	368
369_Mary Reilly	369
370_Bridges of Madison County, The	370
371_Jeffrey	371
372_Judge Dredd	372
373_Mighty Morphin Power Rangers The Movie	373
374_Showgirls	374
375_Houseguest	375
376_Heavyweights	376
377_Miracle on 34th Street	377
378_Tales From the Crypt Presents Demon Knight	378
379_Star Trek Generations	379
380_Muriel's Wedding	380
381_Adventures of Priscilla, Queen of the Desert, The	381
382_Flintstones, The	382
383_Naked Gun 33 13 The Final Insult	383
384_True Lies	384
385_Addams Family Values	385
386_Age of Innocence, The	386
387_Beverly Hills Cop III	387
388_Black Beauty	388
389_Fear of a Black Hat	389
390_Last Action Hero	390
391_Man Without a Face, The	391
392_Mrs. Doubtfire	392
393_Radioland Murders	393
394_Robin Hood Men in Tights	394
395_Serial Mom	395
396_Striking Distance	396
397_Super Mario Bros.	397
398_Three Musketeers, The	398
399_Little Rascals, The	399
400_Brady Bunch Movie, The	400
401_Ghost	401
402_Batman	402
403_Pinocchio	403
404_Mission Impossible	404
405_Thinner	405
406_Spy Hard	406
407_Close Shave, A	407
408_Jack	408
409_Kingpin	409
410_Nutty Professor, The	410
411_Very Brady Sequel, A	411
412_Tales from the Crypt Presents Bordello of Blood	412
413_My Favorite Year	413
414_Apple Dumpling Gang, The	414
415_Old Yeller	415
416_Parent Trap, The	416
417_Cinderella	417
418_Mary Poppins	418
419_Alice in Wonderland	419
420_William Shakespeare's Romeo and Juliet	420
421_Aladdin and the King of Thieves	421
422_E.T. the Extra-Terrestrial	422
423_Children of the Corn The Gathering	423
424_Bob Roberts	424
425_Transformers The Movie, The	425
426_To Kill a Mockingbird	426
427_Harold and Maude	427
428_Day the Earth Stood Still, The	428
429_Duck Soup	429
430_Highlander	430
431_Fantasia	431
432_Heathers	432
433_Forbidden Planet	433
434_Butch Cassidy and the Sundance Kid	434
435_American Werewolf in London, An	435
436_Amityville 1992 It's About Time	436
437_Amityville 3-D	437
438_Amityville A New Generation	438
439_Amityville II The Possession	439
440_Amityville Horror, The	440
441_Amityville Curse, The	441
442_Birds, The	442
443_Blob, The	443
444_Body Snatcher, The	444
445_Burnt Offerings	445
446_Carrie	446
447_Omen, The	447
448_Star Trek The Motion Picture	448
449_Star Trek V The Final Frontier	449
450_Grease	450
451_Jaws 2	451
452_Jaws 3-D	452
453_Bastard Out of Carolina	453
454_Jackie Chan's First Strike	454
455_Beverly Hills Ninja	455
456_Free Willy 3 The Rescue	456
457_Nixon	457
458_Cry, the Beloved Country	458
459_Crossing Guard, The	459
460_Smoke	460
461_Like Water For Chocolate (Como agua para chocolate)	461
462_Secret of Roan Inish, The	462
463_Vanya on 42nd Street	463
464_Jungle Book, The	464
465_Red Rock West	465
466_Bronx Tale, A	466
467_Rudy	467
468_Short Cuts	468
469_Tombstone	469
470_Courage Under Fire	470
471_Dragonheart	471
472_James and the Giant Peach	472
473_Dr. Strangelove or How I Learned to Stop Worrying and Love the Bomb	473
474_Trainspotting	474
475_First Wives Club, The	475
476_Matilda	476
477_Philadelphia Story, The	477
478_Vertigo	478
479_North by Northwest	479
480_Apartment, The	480
481_Some Like It Hot	481
482_Casablanca	482
483_Maltese Falcon, The	483
484_My Fair Lady	484
485_Sabrina	485
486_Roman Holiday	486
487_Sunset Blvd.	487
488_Notorious	488
489_To Catch a Thief	489
490_Adventures of Robin Hood, The	490
491_East of Eden	491
492_Thin Man, The	492
493_His Girl Friday	493
494_Around the World in 80 Days	494
495_It's a Wonderful Life	495
496_Bringing Up Baby	496
497_African Queen, The	497
498_Cat on a Hot Tin Roof	498
499_Fly Away Home	499
500_Dumbo	500
501_Bananas	501
502_Candidate, The	502
503_Bonnie and Clyde	503
504_Dial M for Murder	504
505_Rebel Without a Cause	505
506_Streetcar Named Desire, A	506
507_People vs. Larry Flynt, The	507
508_My Left Foot	508
509_Magnificent Seven, The	509
510_Lawrence of Arabia	510
511_Wings of Desire	511
512_Third Man, The	512
513_Annie Hall	513
514_Boot, Das	514
515_Local Hero	515
516_Manhattan	516
517_Miller's Crossing	517
518_Treasure of the Sierra Madre, The	518
519_Great Escape, The	519
520_Deer Hunter, The	520
521_Down by Law	521
522_Cool Hand Luke	522
523_Great Dictator, The	523
524_Big Sleep, The	524
525_Ben-Hur	525
526_Gandhi	526
527_Killing Fields, The	527
528_My Life as a Dog (Mitt liv som hund)	528
529_Man Who Would Be King, The	529
530_Shine	530
531_Kama Sutra A Tale of Love	531
532_Daytrippers, The	532
533_Traveller	533
534_Addicted to Love	534
535_Ponette	535
536_My Own Private Idaho	536
537_Anastasia	537
538_Mouse Hunt	538
539_Money Train	539
540_Mortal Kombat	540
541_Pocahontas	541
542_Misérables, Les	542
543_Things to Do in Denver when You're Dead	543
544_Vampire in Brooklyn	544
545_Broken Arrow	545
546_Young Poisoner's Handbook, The	546
547_NeverEnding Story III, The	547
548_Rob Roy	548
549_Die Hard With a Vengeance	549
550_Lord of Illusions	550
551_Species	551
552_Walk in the Clouds, A	552
553_Waterworld	553
554_White Man's Burden	554
555_Wild Bill	555
556_Farinelli il castrato	556
557_Heavenly Creatures	557
558_Interview with the Vampire	558
559_Kid in King Arthur's Court, A	559
560_Mary Shelley's Frankenstein	560
561_Quick and the Dead, The	561
562_Stephen King's The Langoliers	562
563_Tales from the Hood	563
564_Village of the Damned	564
565_Clear and Present Danger	565
566_Wes Craven's New Nightmare	566
567_Speed	567
568_Wolf	568
569_Wyatt Earp	569
570_Another Stakeout	570
571_Blown Away	571
572_Body Snatchers	572
573_Boxing Helena	573
574_City Slickers II The Legend of Curly's Gold	574
575_Cliffhanger	575
576_Coneheads	576
577_Demolition Man	577
578_Fatal Instinct	578
579_Englishman Who Went Up a Hill, But Came Down a Mountain, The	579
580_Kalifornia	580
581_Piano, The	581
582_Romeo Is Bleeding	582
583_Secret Garden, The	583
584_Son in Law	584
585_Terminal Velocity	585
586_Hour of the Pig, The	586
587_Beauty and the Beast	587
588_Wild Bunch, The	588
589_Hellraiser Bloodline	589
590_Primal Fear	590
591_True Crime	591
592_Stalingrad	592
593_Heavy	593
594_Fan, The	594
595_Hunchback of Notre Dame, The	595
596_Eraser	596
597_Big Squeeze, The	597
598_Police Story 4 Project S (Chao ji ji hua)	598
599_Daniel Defoe's Robinson Crusoe	599
600_For Whom the Bell Tolls	600
601_American in Paris, An	601
602_Rear Window	602
603_It Happened One Night	603
604_Meet Me in St. Louis	604
605_All About Eve	605
606_Rebecca	606
607_Spellbound	607
608_Father of the Bride	608
609_Gigi	609
610_Laura	610
611_Lost Horizon	611
612_My Man Godfrey	612
613_Giant	613
614_39 Steps, The	614
615_Night of the Living Dead	615
616_Blue Angel, The (Blaue Engel, Der)	616
617_Picnic	617
618_Extreme Measures	618
619_Chamber, The	619
620_Davy Crockett, King of the Wild Frontier	620
621_Swiss Family Robinson	621
622_Angels in the Outfield	622
623_Three Caballeros, The	623
624_Sword in the Stone, The	624
625_So Dear to My Heart	625
626_Robin Hood Prince of Thieves	626
627_Sleepers	627
628_VictorVictoria	628
629_Great Race, The	629
630_Crying Game, The	630
631_Sophie's Choice	631
632_Christmas Carol, A	632
633_Microcosmos Le peuple de l'herbe	633
634_Fog, The	634
635_Escape from New York	635
636_Howling, The	636
637_Return of Martin Guerre, The (Retour de Martin Guerre, Le)	637
638_Tin Drum, The (Blechtrommel, Die)	638
639_Cook the Thief His Wife & Her Lover, The	639
640_Paths of Glory	640
641_Grifters, The	641
642_The Innocent	642
643_Thin Blue Line, The	643
644_Paris Is Burning	644
645_Once Upon a Time in the West	645
646_Ran	646
647_Quiet Man, The	647
648_Once Upon a Time in America	648
649_Seventh Seal, The (Sjunde inseglet, Det)	649
650_Glory	650
651_Rosencrantz and Guildenstern Are Dead	651
652_Touch of Evil	652
653_Chinatown	653
654_Stand by Me	654
655_M	655
656_Manchurian Candidate, The	656
657_Pump Up the Volume	657
658_Arsenic and Old Lace	658
659_Fried Green Tomatoes	659
660_High Noon	660
661_Somewhere in Time	661
662_Being There	662
663_Paris, Texas	663
664_Alien 3	664
665_Blood For Dracula (Andy Warhol's Dracula)	665
666_Audrey Rose	666
667_Blood Beach	667
668_Body Parts	668
669_Body Snatchers	669
670_Bride of Frankenstein	670
671_Candyman	671
672_Cape Fear	672
673_Cat People	673
674_Nosferatu (Nosferatu, eine Symphonie des Grauens)	674
675_Crucible, The	675
676_Fire on the Mountain	676
677_Volcano	677
678_Conan the Barbarian	678
679_Kull the Conqueror	679
680_Wishmaster	680
681_I Know What You Did Last Summer	681
682_Rocket Man	682
683_In the Line of Fire	683
684_Executive Decision	684
685_Perfect World, A	685
686_McHale's Navy	686
687_Leave It to Beaver	687
688_Jackal, The	688
689_Seven Years in Tibet	689
690_Dark City	690
691_American President, The	691
692_Casino	692
693_Persuasion	693
694_Kicking and Screaming	694
695_City Hall	695
696_Basketball Diaries, The	696
697_Browning Version, The	697
698_Little Women	698
699_Miami Rhapsody	699
700_Wonderful, Horrible Life of Leni Riefenstahl, The	700
701_Barcelona	701
702_Widows' Peak	702
703_House of the Spirits, The	703
704_Singin' in the Rain	704
705_Bad Moon	705
706_Enchanted April	706
707_Sex, Lies, and Videotape	707
708_Strictly Ballroom	708
709_Better Off Dead...	709
710_Substance of Fire, The	710
711_Tin Men	711
712_Othello	712
713_Carrington	713
714_To Die For	714
715_Home for the Holidays	715
716_Juror, The	716
717_In the Bleak Midwinter	717
718_Canadian Bacon	718
719_First Knight	719
720_Mallrats	720
721_Nine Months	721
722_Boys on the Side	722
723_Circle of Friends	723
724_Exit to Eden	724
725_Fluke	725
726_Immortal Beloved	726
727_Junior	727
728_Nell	728
729_Queen Margot (Reine Margot, La)	729
730_Corrina, Corrina	730
731_Dave	731
732_Go Fish	732
733_Made in America	733
734_Philadelphia	734
735_Shadowlands	735
736_Sirens	736
737_Threesome	737
738_Pretty Woman	738
739_Jane Eyre	739
740_Last Supper, The	740
741_Ransom	741
742_Crow City of Angels, The	742
743_Michael Collins	743
744_Ruling Class, The	744
745_Real Genius	745
746_Benny & Joon	746
747_Saint, The	747
748_MatchMaker, The	748
749_Amistad	749
750_Tomorrow Never Dies	750
751_Replacement Killers, The	751
752_Burnt By the Sun	752
753_Red Corner	753
754_Jumanji	754
755_Father of the Bride Part II	755
756_Across the Sea of Time	756
757_Lawnmower Man 2 Beyond Cyberspace	757
758_Fair Game	758
759_Screamers	759
760_Nick of Time	760
761_Beautiful Girls	761
762_Happy Gilmore	762
763_If Lucy Fell	763
764_Boomerang	764
765_Man of the Year	765
766_Addiction, The	766
767_Casper	767
768_Congo	768
769_Devil in a Blue Dress	769
770_Johnny Mnemonic	770
771_Kids	771
772_Mute Witness	772
773_Prophecy, The	773
774_Something to Talk About	774
775_Three Wishes	775
776_Castle Freak	776
777_Don Juan DeMarco	777
778_Drop Zone	778
779_Dumb & Dumber	779
780_French Kiss	780
781_Little Odessa	781
782_Milk Money	782
783_Beyond Bedlam	783
784_Only You	784
785_Perez Family, The	785
786_Roommates	786
787_Relative Fear	787
788_Swimming with Sharks	788
789_Tommy Boy	789
790_Baby-Sitters Club, The	790
791_Bullets Over Broadway	791
792_Crooklyn	792
793_It Could Happen to You	793
794_Richie Rich	794
795_Speechless	795
796_Timecop	796
797_Bad Company	797
798_Boys Life	798
799_In the Mouth of Madness	799
800_Air Up There, The	800
801_Hard Target	801
802_Heaven & Earth	802
803_Jimmy Hollywood	803
804_Manhattan Murder Mystery	804
805_Menace II Society	805
806_Poetic Justice	806
807_Program, The	807
808_Rising Sun	808
809_Shadow, The	809
810_Thirty-Two Short Films About Glenn Gould	810
811_Andre	811
812_Celluloid Closet, The	812
813_Great Day in Harlem, A	813
814_One Fine Day	814
815_Candyman Farewell to the Flesh	815
816_Frisk	816
817_Girl 6	817
818_Eddie	818
819_Space Jam	819
820_Mrs. Winterbourne	820
821_Faces	821
822_Mulholland Falls	822
823_Great White Hype, The	823
824_Arrival, The	824
825_Phantom, The	825
826_Daylight	826
827_Alaska	827
828_Fled	828
829_Power 98	829
830_Escape from L.A.	830
831_Bogus	831
832_Bulletproof	832
833_Halloween The Curse of Michael Myers	833
834_Gay Divorcee, The	834
835_Ninotchka	835
836_Meet John Doe	836
837_In the Line of Duty 2	837
838_Loch Ness	838
839_Last Man Standing	839
840_Glimmer Man, The	840
841_Pollyanna	841
842_Shaggy Dog, The	842
843_Freeway	843
844_That Thing You Do!	844
845_To Gillian on Her 37th Birthday	845
846_Looking for Richard	846
847_Murder, My Sweet	847
848_Days of Thunder	848
849_Perfect Candidate, A	849
850_Two or Three Things I Know About Her	850
851_Bloody Child, The	851
852_Braindead	852
853_Bad Taste	853
854_Diva	854
855_Night on Earth	855
856_Paris Was a Woman	856
857_Amityville Dollhouse	857
858_April Fool's Day	858
859_Believers, The	859
860_Nosferatu a Venezia	860
861_Jingle All the Way	861
862_Garden of Finzi-Contini, The (Giardino dei Finzi-Contini, Il)	862
863_My Fellow Americans	863
864_Ice Storm, The	864
865_Michael	865
866_Whole Wide World, The	866
867_Hearts and Minds	867
868_Fools Rush In	868
869_Touch	869
870_Vegas Vacation	870
871_Love Jones	871
872_Picture Perfect	872
873_Career Girls	873
874_She's So Lovely	874
875_Money Talks	875
876_Excess Baggage	876
877_That Darn Cat!	877
878_Peacemaker, The	878
879_Soul Food	879
880_Money Talks	880
881_Washington Square	881
882_Telling Lies in America	882
883_Year of the Horse	883
884_Phantoms	884
885_Life Less Ordinary, A	885
886_Eve's Bayou	886
887_One Night Stand	887
888_Tango Lesson, The	888
889_Mortal Kombat Annihilation	889
890_Bent	890
891_Flubber	891
892_For Richer or Poorer	892
893_Home Alone 3	893
894_Scream 2	894
895_Sweet Hereafter, The	895
896_Time Tracers	896
897_Postman, The	897
898_Winter Guest, The	898
899_Kundun	899
900_Mr. Magoo	900
901_Big Lebowski, The	901
902_Afterglow	902
903_Ma vie en rose (My Life in Pink)	903
904_Great Expectations	904
905_Oscar & Lucinda	905
906_Vermin	906
907_Half Baked	907
908_Dangerous Beauty	908
909_Nil By Mouth	909
910_Twilight	910
911_U.S. Marshalls	911
912_Love and Death on Long Island	912
913_Wild Things	913
914_Primary Colors	914
915_Lost in Space	915
916_Mercury Rising	916
917_City of Angels	917
918_City of Lost Children, The	918
919_Two Bits	919
920_Farewell My Concubine	920
921_Dead Man	921
922_Raise the Red Lantern	922
923_White Squall	923
924_Unforgettable	924
925_Down Periscope	925
926_Flower of My Secret, The (Flor de mi secreto, La)	926
927_Craft, The	927
928_Harriet the Spy	928
929_Chain Reaction	929
930_Island of Dr. Moreau, The	930
931_First Kid	931
932_Funeral, The	932
933_Preacher's Wife, The	933
934_Paradise Road	934
935_Brassed Off	935
936_Thousand Acres, A	936
937_Smile Like Yours, A	937
938_Murder in the First	938
939_Airheads	939
940_With Honors	940
941_What's Love Got to Do with It	941
942_Killing Zoe	942
943_Renaissance Man	943
944_Charade	944
945_Fox and the Hound, The	945
946_Big Blue, The (Grand bleu, Le)	946
947_Booty Call	947
948_How to Make an American Quilt	948
949_Georgia	949
950_Indian in the Cupboard, The	950
951_Blue in the Face	951
952_Unstrung Heroes	952
953_Unzipped	953
954_Before Sunrise	954
955_Nobody's Fool	955
956_Pushing Hands	956
957_To Live (Huozhe)	957
958_Dazed and Confused	958
959_Naked	959
960_Orlando	960
961_Ruby in Paradise	961
962_Some Folks Call It a Sling Blade	962
963_Month by the Lake, A	963
964_Funny Face	964
965_Affair to Remember, An	965
966_Little Lord Fauntleroy	966
967_Inspector General, The	967
968_Winnie the Pooh and the Blustery Day	968
969_Hear My Song	969
970_Mediterraneo	970
971_Passion Fish	971
972_Grateful Dead	972
973_Eye for an Eye	973
974_Fear	974
975_Solo	975
976_Substitute, The	976
977_Heaven's Prisoners	977
978_Trigger Effect, The	978
979_Mother Night	979
980_Dangerous Ground	980
981_Maximum Risk	981
982_Rich Man's Wife, The	982
983_Shadow Conspiracy	983
984_Blood & Wine	984
985_Turbulence	985
986_Underworld	986
987_Beautician and the Beast, The	987
988_Cats Don't Dance	988
989_Anna Karenina	989
990_Keys to Tulsa	990
991_Head Above Water	991
992_Hercules	992
993_Last Time I Committed Suicide, The	993
994_Kiss Me, Guido	994
995_Big Green, The	995
996_Stuart Saves His Family	996
997_Cabin Boy	997
998_Clean Slate	998
999_Lightning Jack	999
1000_Stupids, The	1000
1001_Pest, The	1001
1002_That Darn Cat!	1002
1003_Geronimo An American Legend	1003
1004_Double vie de Véronique, La (Double Life of Veronique, The)	1004
1005_Until the End of the World (Bis ans Ende der Welt)	1005
1006_Waiting for Guffman	1006
1007_I Shot Andy Warhol	1007
1008_Stealing Beauty	1008
1009_Basquiat	1009
1010_2 Days in the Valley	1010
1011_Private Parts	1011
1012_Anaconda	1012
1013_Romy and Michele's High School Reunion	1013
1014_Shiloh	1014
1015_Con Air	1015
1016_Trees Lounge	1016
1017_Tie Me Up! Tie Me Down!	1017
1018_Die xue shuang xiong (Killer, The)	1018
1019_Gaslight	1019
1020_8 12	1020
1021_Fast, Cheap & Out of Control	1021
1022_Fathers' Day	1022
1023_Mrs. Dalloway	1023
1024_Fire Down Below	1024
1025_Lay of the Land, The	1025
1026_Shooter, The	1026
1027_Grumpier Old Men	1027
1028_Jury Duty	1028
1029_Beverly Hillbillies, The	1029
1030_Lassie	1030
1031_Little Big League	1031
1032_Homeward Bound II Lost in San Francisco	1032
1033_Quest, The	1033
1034_Cool Runnings	1034
1035_Drop Dead Fred	1035
1036_Grease 2	1036
1037_Switchback	1037
1038_Hamlet	1038
1039_Two if by Sea	1039
1040_Forget Paris	1040
1041_Just Cause	1041
1042_Rent-a-Kid	1042
1043_Paper, The	1043
1044_Fearless	1044
1045_Malice	1045
1046_Multiplicity	1046
1047_She's the One	1047
1048_House Arrest	1048
1049_Ghost and Mrs. Muir, The	1049
1050_Associate, The	1050
1051_Dracula Dead and Loving It	1051
1052_Now and Then	1052
1053_Mr. Wrong	1053
1054_Simple Twist of Fate, A	1054
1055_Cronos	1055
1056_Pallbearer, The	1056
1057_War, The	1057
1058_Don't Be a Menace to South Central While Drinking Your Juice in the Hood	1058
1059_Adventures of Pinocchio, The	1059
1060_Evening Star, The	1060
1061_Four Days in September	1061
1062_Little Princess, A	1062
1063_Crossfire	1063
1064_Koyaanisqatsi	1064
1065_Balto	1065
1066_Bottle Rocket	1066
1067_Star Maker, The (Uomo delle stelle, L')	1067
1068_Amateur	1068
1069_Living in Oblivion	1069
1070_Party Girl	1070
1071_Pyromaniac's Love Story, A	1071
1072_Shallow Grave	1072
1073_Reality Bites	1073
1074_Man of No Importance, A	1074
1075_Pagemaster, The	1075
1076_Love and a .45	1076
1077_Oliver & Company	1077
1078_Joe's Apartment	1078
1079_Celestial Clockwork	1079
1080_Curdled	1080
1081_Female Perversions	1081
1082_Albino Alligator	1082
1083_Anne Frank Remembered	1083
1084_Carried Away	1084
1085_It's My Party	1085
1086_Bloodsport 2	1086
1087_Double Team	1087
1088_Speed 2 Cruise Control	1088
1089_Sliver	1089
1090_Pete's Dragon	1090
1091_Dear God	1091
1092_Live Nude Girls	1092
1093_Thin Line Between Love and Hate, A	1093
1094_High School High	1094
1095_Commandments	1095
1096_Hate (Haine, La)	1096
1097_Flirting With Disaster	1097
1098_Red Firecracker, Green Firecracker	1098
1099_What Happened Was...	1099
1100_Six Degrees of Separation	1100
1101_Two Much	1101
1102_Trust	1102
1103_C'est arrivé près de chez vous	1103
1104_Firestorm	1104
1105_Newton Boys, The	1105
1106_Beyond Rangoon	1106
1107_Feast of July	1107
1108_Death and the Maiden	1108
1109_Tank Girl	1109
1110_Double Happiness	1110
1111_Cobb	1111
1112_Mrs. Parker and the Vicious Circle	1112
1113_Faithful	1113
1114_Twelfth Night	1114
1115_Mark of Zorro, The	1115
1116_Surviving Picasso	1116
1117_Up in Smoke	1117
1118_Some Kind of Wonderful	1118
1119_I'm Not Rappaport	1119
1120_Umbrellas of Cherbourg, The (Parapluies de Cherbourg, Les)	1120
1121_They Made Me a Criminal	1121
1122_Last Time I Saw Paris, The	1122
1123_Farewell to Arms, A	1123
1124_Innocents, The	1124
1125_Old Man and the Sea, The	1125
1126_Truman Show, The	1126
1127_Heidi Fleiss Hollywood Madam	1127
1128_Chungking Express	1128
1129_Jupiter's Wife	1129
1130_Safe	1130
1131_Feeling Minnesota	1131
1132_Escape to Witch Mountain	1132
1133_Get on the Bus	1133
1134_Doors, The	1134
1135_Ghosts of Mississippi	1135
1136_Beautiful Thing	1136
1137_Best Men	1137
1138_Hackers	1138
1139_Road to Wellville, The	1139
1140_War Room, The	1140
1141_When We Were Kings	1141
1142_Hard Eight	1142
1143_Quiet Room, The	1143
1144_Blue Chips	1144
1145_Calendar Girl	1145
1146_My Family	1146
1147_Tom & Viv	1147
1148_Walkabout	1148
1149_Last Dance	1149
1150_Original Gangstas	1150
1151_In Love and War	1151
1152_Backbeat	1152
1153_Alphaville	1153
1154_Rendezvous in Paris (Rendez-vous de Paris, Les)	1154
1155_Cyclo	1155
1156_Relic, The	1156
1157_Fille seule, La (A Single Girl)	1157
1158_Stalker	1158
1159_Love! Valour! Compassion!	1159
1160_Palookaville	1160
1161_Phat Beach	1161
1162_Portrait of a Lady, The	1162
1163_Zeus and Roxanne	1163
1164_Big Bully	1164
1165_Love & Human Remains	1165
1166_Sum of Us, The	1166
1167_Little Buddha	1167
1168_Fresh	1168
1169_Spanking the Monkey	1169
1170_Wild Reeds	1170
1171_Women, The	1171
1172_Bliss	1172
1173_Caught	1173
1174_Hugo Pool	1174
1175_Welcome To Sarajevo	1175
1176_Dunston Checks In	1176
1177_Major Payne	1177
1178_Man of the House	1178
1179_I Love Trouble	1179
1180_Low Down Dirty Shame, A	1180
1181_Cops and Robbersons	1181
1182_Cowboy Way, The	1182
1183_Endless Summer 2, The	1183
1184_In the Army Now	1184
1185_Inkwell, The	1185
1186_Switchblade Sisters	1186
1187_Young Guns II	1187
1188_Prefontaine	1188
1189_That Old Feeling	1189
1190_Letter From Death Row, A	1190
1191_Boys of St. Vincent, The	1191
1192_Before the Rain (Pred dozhdot)	1192
1193_Once Were Warriors	1193
1194_Strawberry and Chocolate (Fresa y chocolate)	1194
1195_Savage Nights (Nuits fauves, Les)	1195
1196_Family Thing, A	1196
1197_Purple Noon	1197
1198_Cemetery Man (Dellamorte Dellamore)	1198
1199_Kim	1199
1200_Marlene Dietrich Shadow and Light	1200
1201_Maybe, Maybe Not (Bewegte Mann, Der)	1201
1202_Top Hat	1202
1203_To Be or Not to Be	1203
1204_Secret Agent, The	1204
1205_Amos & Andrew	1205
1206_Jade	1206
1207_Kiss of Death	1207
1208_Mixed Nuts	1208
1209_Virtuosity	1209
1210_Blue Sky	1210
1211_Flesh and Bone	1211
1212_Guilty as Sin	1212
1213_In the Realm of the Senses (Ai no corrida)	1213
1214_Barb Wire	1214
1215_Kissed	1215
1216_Assassins	1216
1217_Friday	1217
1218_Goofy Movie, A	1218
1219_Higher Learning	1219
1220_When a Man Loves a Woman	1220
1221_Judgment Night	1221
1222_King of the Hill	1222
1223_Scout, The	1223
1224_Angus	1224
1225_Night Falls on Manhattan	1225
1226_Awfully Big Adventure, An	1226
1227_Under Siege 2 Dark Territory	1227
1228_Poison Ivy II	1228
1229_Ready to Wear (Pret-A-Porter)	1229
1230_Marked for Death	1230
1231_Madonna Truth or Dare	1231
1232_Nénette et Boni	1232
1233_Chairman of the Board	1233
1234_Big Bang Theory, The	1234
1235_Other Voices, Other Rooms	1235
1236_Twisted	1236
1237_Full Speed	1237
1238_Cutthroat Island	1238
1239_Ghost in the Shell (Kokaku kidotai)	1239
1240_Van, The	1240
1241_Old Lady Who Walked in the Sea, The (Vieille qui marchait dans la mer, La)	1241
1242_Night Flier	1242
1243_Metro	1243
1244_Gridlock'd	1244
1245_Bushwhacked	1245
1246_Bad Girls	1246
1247_Blink	1247
1248_For Love or Money	1248
1249_Best of the Best 3 No Turning Back	1249
1250_A Chef in Love	1250
1251_Contempt (Mépris, Le)	1251
1252_Tie That Binds, The	1252
1253_Gone Fishin'	1253
1254_Broken English	1254
1255_Designated Mourner, The	1255
1256_Designated Mourner, The	1256
1257_Trial and Error	1257
1258_Pie in the Sky	1258
1259_Total Eclipse	1259
1260_Run of the Country, The	1260
1261_Walking and Talking	1261
1262_Foxfire	1262
1263_Nothing to Lose	1263
1264_Star Maps	1264
1265_Bread and Chocolate (Pane e cioccolata)	1265
1266_Clockers	1266
1267_Bitter Moon	1267
1268_Love in the Afternoon	1268
1269_Life with Mikey	1269
1270_North	1270
1271_Talking About Sex	1271
1272_Color of Night	1272
1273_Robocop 3	1273
1274_Killer (Bulletproof Heart)	1274
1275_Sunset Park	1275
1276_Set It Off	1276
1277_Selena	1277
1278_Wild America	1278
1279_Gang Related	1279
1280_Manny & Lo	1280
1281_Grass Harp, The	1281
1282_Out to Sea	1282
1283_Before and After	1283
1284_Princess Caraboo	1284
1285_Shall We Dance	1285
1286_Ed	1286
1287_Denise Calls Up	1287
1288_Jack and Sarah	1288
1289_Country Life	1289
1290_Celtic Pride	1290
1291_Simple Wish, A	1291
1292_Star Kid	1292
1293_Ayn Rand A Sense of Life	1293
1294_Kicked in the Head	1294
1295_Indian Summer	1295
1296_Love Affair	1296
1297_Band Wagon, The	1297
1298_Penny Serenade	1298
1299_'Til There Was You	1299
1300_Stripes	1300
1301_Late Bloomers	1301
1302_Getaway, The	1302
1303_New York Cop	1303
1304_National Lampoon's Senior Trip	1304
1305_Delta of Venus	1305
1306_Carmen Miranda Bananas Is My Business	1306
1307_Babyfever	1307
1308_Very Natural Thing, A	1308
1309_Walk in the Sun, A	1309
1310_Waiting to Exhale	1310
1311_Pompatus of Love, The	1311
1312_Palmetto	1312
1313_Surviving the Game	1313
1314_Inventing the Abbotts	1314
1315_Horse Whisperer, The	1315
1316_Journey of August King, The	1316
1317_Catwalk	1317
1318_Neon Bible, The	1318
1319_Homage	1319
1320_Open Season	1320
1321_Metisse (Café au Lait)	1321
1322_Wooden Man's Bride, The (Wu Kui)	1322
1323_Loaded	1323
1324_August	1324
1325_Boys	1325
1326_Captives	1326
1327_Of Love and Shadows	1327
1328_Low Life, The	1328
1329_An Unforgettable Summer	1329
1330_Last Klezmer Leopold Kozlowski, His Life and Music, The	1330
1331_My Life and Times With Antonin Artaud (En compagnie d'Antonin Artaud)	1331
1332_Midnight Dancers (Sibak)	1332
1333_Somebody to Love	1333
1334_American Buffalo	1334
1335_Kazaam	1335
1336_Larger Than Life	1336
1337_Two Deaths	1337
1338_Stefano Quantestorie	1338
1339_Crude Oasis, The	1339
1340_Hedd Wyn	1340
1341_Convent, The (Convento, O)	1341
1342_Lotto Land	1342
1343_Story of Xinghua, The	1343
1344_Day the Sun Turned Cold, The (Tianguo niezi)	1344
1345_Dingo	1345
1346_Ballad of Narayama, The (Narayama Bushiko)	1346
1347_Every Other Weekend	1347
1348_Mille bolle blu	1348
1349_Crows and Sparrows	1349
1350_Lover's Knot	1350
1351_Shadow of Angels (Schatten der Engel)	1351
1352_1-900	1352
1353_VeniceVenice	1353
1354_Infinity	1354
1355_Ed's Next Move	1355
1356_For the Moment	1356
1357_The Deadly Cure	1357
1358_Boys in Venice	1358
1359_Sexual Life of the Belgians, The	1359
1360_Search for One-eye Jimmy, The	1360
1361_American Strays	1361
1362_Leopard Son, The	1362
1363_Bird of Prey	1363
1364_Johnny 100 Pesos	1364
1365_JLGJLG - autoportrait de décembre	1365
1366_Faust	1366
1367_Mina Tannenbaum	1367
1368_Forbidden Christ, The (Cristo proibito, Il)	1368
1369_I Can't Sleep (J'ai pas sommeil)	1369
1370_Machine, The	1370
1371_Stranger, The	1371
1372_Good Morning	1372
1373_Falling in Love Again	1373
1374_Cement Garden, The	1374
1375_Meet Wally Sparks	1375
1376_Hotel de Love	1376
1377_Rhyme & Reason	1377
1378_Love and Other Catastrophes	1378
1379_Hollow Reed	1379
1380_Losing Chase	1380
1381_Bonheur, Le	1381
1382_Second Jungle Book Mowgli & Baloo, The	1382
1383_Squeeze	1383
1384_Roseanna's Grave (For Roseanna)	1384
1385_Tetsuo II Body Hammer	1385
1386_Fall	1386
1387_Gabbeh	1387
1388_Mondo	1388
1389_Innocent Sleep, The	1389
1390_For Ever Mozart	1390
1391_Locusts, The	1391
1392_Stag	1392
1393_Swept from the Sea	1393
1394_Hurricane Streets	1394
1395_Stonewall	1395
1396_Of Human Bondage	1396
1397_Anna	1397
1398_Stranger in the House	1398
1399_Picture Bride	1399
1400_M. Butterfly	1400
1401_Ciao, Professore!	1401
1402_Caro Diario (Dear Diary)	1402
1403_Withnail and I	1403
1404_Boy's Life 2	1404
1405_When Night Is Falling	1405
1406_Specialist, The	1406
1407_Gordy	1407
1408_Swan Princess, The	1408
1409_Harlem	1409
1410_Barbarella	1410
1411_Land Before Time III The Time of the Great Giving (199	1411
1412_Street Fighter	1412
1413_Coldblooded	1413
1414_Next Karate Kid, The	1414
1415_No Escape	1415
1416_Turning, The	1416
1417_Joy Luck Club, The	1417
1418_Highlander III The Sorcerer	1418
1419_Gilligan's Island The Movie	1419
1420_My Crazy Life (Mi vida loca)	1420
1421_Suture	1421
1422_Walking Dead, The	1422
1423_I Like It Like That	1423
1424_I'll Do Anything	1424
1425_Grace of My Heart	1425
1426_Drunks	1426
1427_SubUrbia	1427
1428_Sliding Doors	1428
1429_Ill Gotten Gains	1429
1430_Legal Deceit	1430
1431_Mighty, The	1431
1432_Men of Means	1432
1433_Shooting Fish	1433
1434_Steal Big, Steal Little	1434
1435_Mr. Jones	1435
1436_House Party 3	1436
1437_Panther	1437
1438_Jason's Lyric	1438
1439_Above the Rim	1439
1440_Moonlight and Valentino	1440
1441_Scarlet Letter, The	1441
1442_8 Seconds	1442
1443_That Darn Cat!	1443
1444_Ladybird Ladybird	1444
1445_Bye Bye, Love	1445
1446_Century	1446
1447_My Favorite Season	1447
1448_Pather Panchali	1448
1449_Golden Earrings	1449
1450_Foreign Correspondent	1450
1451_Lady of Burlesque	1451
1452_Angel on My Shoulder	1452
1453_Angel and the Badman	1453
1454_Outlaw, The	1454
1455_Beat the Devil	1455
1456_Love Is All There Is	1456
1457_Damsel in Distress, A	1457
1458_Madame Butterfly	1458
1459_Sleepover	1459
1460_Here Comes Cookie	1460
1461_Thieves (Voleurs, Les)	1461
1462_Boys, Les	1462
1463_Stars Fell on Henrietta, The	1463
1464_Last Summer in the Hamptons	1464
1465_Margaret's Museum	1465
1466_Saint of Fort Washington, The	1466
1467_Cure, The	1467
1468_Tom and Huck	1468
1469_Gumby The Movie	1469
1470_Hideaway	1470
1471_Visitors, The (Visiteurs, Les)	1471
1472_Little Princess, The	1472
1473_Nina Takes a Lover	1473
1474_Bhaji on the Beach	1474
1475_Raw Deal	1475
1476_Nightwatch	1476
1477_Dead Presidents	1477
1478_Reckless	1478
1479_Herbie Rides Again	1479
1480_S.F.W.	1480
1481_Gate of Heavenly Peace, The	1481
1482_Man in the Iron Mask, The	1482
1483_Jerky Boys, The	1483
1484_Colonel Chabert, Le	1484
1485_Girl in the Cadillac	1485
1486_Even Cowgirls Get the Blues	1486
1487_Germinal	1487
1488_Chasers	1488
1489_Fausto	1489
1490_Tough and Deadly	1490
1491_Window to Paris	1491
1492_Modern Affair, A	1492
1493_Mostro, Il	1493
1494_Flirt	1494
1495_Carpool	1495
1496_Line King Al Hirschfeld, The	1496
1497_Farmer & Chase	1497
1498_Grosse Fatigue	1498
1499_Santa with Muscles	1499
1500_Prisoner of the Mountains (Kavkazsky Plennik)	1500
1501_Naked in New York	1501
1502_Gold Diggers The Secret of Bear Mountain	1502
1503_Bewegte Mann, Der	1503
1504_Killer A Journal of Murder	1504
1505_Nelly & Monsieur Arnaud	1505
1506_Three Lives and Only One Death	1506
1507_Babysitter, The	1507
1508_Getting Even with Dad	1508
1509_Mad Dog Time	1509
1510_Children of the Revolution	1510
1511_World of Apu, The (Apur Sansar)	1511
1512_Sprung	1512
1513_Dream With the Fishes	1513
1514_Wings of Courage	1514
1515_Wedding Gift, The	1515
1516_Race the Sun	1516
1517_Losing Isaiah	1517
1518_New Jersey Drive	1518
1519_Fear, The	1519
1520_Mr. Wonderful	1520
1521_Trial by Jury	1521
1522_Good Man in Africa, A	1522
1523_Kaspar Hauser	1523
1524_Object of My Affection, The	1524
1525_Witness	1525
1526_Senseless	1526
1527_Nowhere	1527
1528_Underground	1528
1529_Jefferson in Paris	1529
1530_Far From Home The Adventures of Yellow Dog	1530
1531_Foreign Student	1531
1532_I Don't Want to Talk About It (De eso no se habla)	1532
1533_Twin Town	1533
1534_Enfer, L'	1534
1535_Aiqing wansui	1535
1536_Cosi	1536
1537_All Over Me	1537
1538_Being Human	1538
1539_Amazing Panda Adventure, The	1539
1540_Beans of Egypt, Maine, The	1540
1541_Scarlet Letter, The	1541
1542_Johns	1542
1543_It Takes Two	1543
1544_Frankie Starlight	1544
1545_Shadows (Cienie)	1545
1546_Show, The	1546
1547_The Courtyard	1547
1548_Dream Man	1548
1549_Destiny Turns on the Radio	1549
1550_Glass Shield, The	1550
1551_Hunted, The	1551
1552_Underneath, The	1552
1553_Safe Passage	1553
1554_Secret Adventures of Tom Thumb, The	1554
1555_Condition Red	1555
1556_Yankee Zulu	1556
1557_Aparajito	1557
1558_Hostile Intentions	1558
1559_Clean Slate (Coup de Torchon)	1559
1560_Tigrero A Film That Was Never Made	1560
1561_Eye of Vichy, The (Oeil de Vichy, L')	1561
1562_Promise, The (Versprechen, Das)	1562
1563_To Cross the Rubicon	1563
1564_Daens	1564
1565_Man from Down Under, The	1565
1566_Careful	1566
1567_Vermont Is For Lovers	1567
1568_Vie est belle, La (Life is Rosey)	1568
1569_Quartier Mozart	1569
1570_Touki Bouki (Journey of the Hyena)	1570
1571_Wend Kuuni (God's Gift)	1571
1572_Spirits of the Dead (Tre passi nel delirio)	1572
1573_Pharaoh's Army	1573
1574_I, Worst of All (Yo, la peor de todas)	1574
1575_Hungarian Fairy Tale, A	1575
1576_Death in the Garden (Mort en ce jardin, La)	1576
1577_Collectionneuse, La	1577
1578_Baton Rouge	1578
1579_Liebelei	1579
1580_Woman in Question, The	1580
1581_T-Men	1581
1582_Invitation, The (Zaproszenie)	1582
1583_Symphonie pastorale, La	1583
1584_American Dream	1584
1585_Lashou shentan	1585
1586_Terror in a Texas Town	1586
1587_Salut cousin!	1587
1588_Schizopolis	1588
1589_To Have, or Not	1589
1590_Duoluo tianshi	1590
1591_Magic Hour, The	1591
1592_Death in Brunswick	1592
1593_Everest	1593
1594_Shopping	1594
1595_Nemesis 2 Nebula	1595
1596_Romper Stomper	1596
1597_City of Industry	1597
1598_Someone Else's America	1598
1599_Guantanamera	1599
1600_Office Killer	1600
1601_Price Above Rubies, A	1601
1602_Angela	1602
1603_He Walked by Night	1603
1604_Love Serenade	1604
1605_Deceiver	1605
1606_Hurricane Streets	1606
1607_Buddy	1607
1608_BAPS	1608
1609_Truth or Consequences, N.M.	1609
1610_Intimate Relations	1610
1611_Leading Man, The	1611
1612_Tokyo Fist	1612
1613_Reluctant Debutante, The	1613
1614_Warriors of Virtue	1614
1615_Desert Winds	1615
1616_Hugo Pool	1616
1617_King of New York	1617
1618_All Things Fair	1618
1619_Sixth Man, The	1619
1620_Butterfly Kiss	1620
1621_Paris, France	1621
1622_Cérémonie, La	1622
1623_Hush	1623
1624_Nightwatch	1624
1625_Nobody Loves Me (Keiner liebt mich)	1625
1626_Wife, The	1626
1627_Lamerica	1627
1628_Nico Icon	1628
1629_Silence of the Palace, The (Saimt el Qusur)	1629
1630_Slingshot, The	1630
1631_Land and Freedom (Tierra y libertad)	1631
1632_Á köldum klaka (Cold Fever)	1632
1633_Etz Hadomim Tafus (Under the Domin Tree)	1633
1634_Two Friends	1634
1635_Brothers in Trouble	1635
1636_Girls Town	1636
1637_Normal Life	1637
1638_Bitter Sugar (Azucar Amargo)	1638
1639_Eighth Day, The	1639
1640_Dadetown	1640
1641_Some Mother's Son	1641
1642_Angel Baby	1642
1643_Sudden Manhattan	1643
1644_Butcher Boy, The	1644
1645_Men With Guns	1645
1646_Hana-bi	1646
1647_Niagara, Niagara	1647
1648_Big One, The	1648
1649_Butcher Boy, The	1649
1650_Spanish Prisoner, The	1650
1651_Temptress Moon (Feng Yue)	1651
1652_Entertaining Angels The Dorothy Day Story	1652
1653_Chairman of the Board	1653
1654_Favor, The	1654
1655_Little City	1655
1656_Target	1656
1657_Substance of Fire, The	1657
1658_Getting Away With Murder	1658
1659_Small Faces	1659
1660_New Age, The	1660
1661_Rough Magic	1661
1662_Nothing Personal	1662
1663_8 Heads in a Duffel Bag	1663
1664_Brother's Kiss, A	1664
1665_Ripe	1665
1666_Next Step, The	1666
1667_Wedding Bell Blues	1667
1668_MURDER and murder	1668
1669_Tainted	1669
1670_Further Gesture, A	1670
1671_Kika	1671
1672_Mirage	1672
1673_Mamma Roma	1673
1674_Sunchaser, The	1674
1675_War at Home, The	1675
1676_Sweet Nothing	1676
1677_Mat' i syn	1677
1678_B. Monkey	1678
1679_Sliding Doors	1679
1680_You So Crazy	1680
1681_Scream of Stone (Schrei aus Stein)	1681
