user_id	userID
A1HK2FQW6KXQB2	0
A19K65VY14D13R	1
A2LL1TGG90977E	2
A5G19RYX8599E	3
A2496A4EWMLQ7	4
A3OQEVD4C7G3L3	5
ATZDT4B1U7NL	6
A3NMPMELAZC8ZY	7
A1ZSTU6RKY1JCL	8
A1TFH58BMFJCR3	9
AKNT3ZH2FB7T4	10
A3O4ATU0ENBKTU	11
AXBWU2IAPKKE7	12
AOWBZDNT7QAW0	13
A2SYNL4YX73KNY	14
A2Q2A6JKY95RTP	15
A3OL1DR5N8ZLOZ	16
AF98RW6DOEDOL	17
A2VVPVI9BGYM7L	18
A3PGZ7W5NH3S0T	19
A2EAJL3H6DPIPX	20
A16WT9L1IC07EB	21
A2VUKGR147X193	22
A10GMDGFGN7QH2	23
A21I33AWNOWMK8	24
A2957UEBNR2HCI	25
A1ZXU0W5329UVJ	26
A2DUQ2FOQFGHX	27
A177JLJI0EA0YM	28
A3KNSA6AC8Y04P	29
A1YLWB5UVEH3D6	30
A3AB3L610KXQBF	31
ALRN58JO86V5E	32
AXEEHEUKQILR0	33
AWLRK9A9L8RZG	34
A2DJPFHG6LGWTV	35
A3KZ91O8KA1IAZ	36
A1OG2X4KR2U1GE	37
A3EG1F4UBURE6O	38
AAY043ZKTXKJR	39
A2XDQLKDWBDWAJ	40
A2BGDV09HCHX8E	41
A2PEIERQZR3COP	42
A1TB3YY7HRLCTU	43
A34JA6VX47JLS1	44
A10STX704CY2IH	45
A3K43QC9YZKVTH	46
A35MDIBPAX9X7U	47
A190YSZV06NQ2Q	48
A1ZZZFMCPVVPHY	49
A2L3NFDM1PTOX3	50
A36OZM5CENQ7LW	51
A1M8AYAL3L8ACP	52
A2XUQN9HUD6ISG	53
A1Z54EM24Y40LL	54
AZK9CCTYQNRNL	55
ASOWPC6NCNA9N	56
API5JLBRT6FIN	57
A1DNWA98IV5PMW	58
AFM7DWQ762149	59
A3DETJ3SIGHPWI	60
A3E06BCCD0AU7B	61
A3NVSUFF2RPXOV	62
A30H2335OM7RD6	63
A1XB0T39BRR6US	64
A2PZ6W3HHMN7X4	65
A1I6Y22YMN96QW	66
A1HLB4YYHBKVEE	67
ANU96I3IBWDPB	68
A2EP68HH1PXAN3	69
A1WOIWR7GP1CTE	70
A2OIUYU1MG3XXL	71
A2XFSEQBPL7N00	72
A38CJDC0M54EEE	73
AAOC8UAMDDLON	74
A3AVIKJLVMPJ8K	75
A3QIB8PLHCD80N	76
A3NKRXQLI3FQML	77
A9RTFYY13I0GP	78
AF89IW5TVF8I8	79
A3AE1T2MLQQ7Y0	80
A1GDFTTWQBK1IS	81
A2U49LPX8ZHG3M	82
A3B19AL2Q4KZAG	83
A1IEMWQ9MVBRQ	84
A3J81R500QUZBL	85
A2MC0IMUFSW8RY	86
A3V0VFHSLXZO66	87
A264BUCG5B68SH	88
A1X52ZS1IPEEU5	89
AZKFRYAY0ZDM1	90
A33IWD1C3D7MUD	91
A2QADE2T7D00YR	92
A5LAWHRKFV405	93
A269WG8C9O2B0C	94
AKCZIJ6ZHE41D	95
ADF3NSXSA5XMI	96
A3SNPMBS8U2ETE	97
A3WI3857X5T1O	98
A5GJ32PIJ9N6I	99
AERREMJCVL14B	100
A3H71R42I928OP	101
A1WB20PSNM7E32	102
A1A529UP5CR129	103
A37KH5N4TE0RPR	104
A95QSS7HSM8A1	105
A2AL2VKAW1OYG6	106
A1H3GIGRMYP36O	107
A35MIHLZ2QQE36	108
A33F4OWN5VHPLI	109
A17PRJR1RVCL68	110
A3OVW7VAKZ3Y83	111
A12FWBY1OWEPJ4	112
A14RUX9GCBX49B	113
A2QEPZKATEOCUG	114
A280MK4DFW9X1Y	115
A3IN5O9624L8WI	116
A3L66THBCWWCH	117
A2VN7Z793QN9Y5	118
A88BN92QXACY7	119
A2YP323KXIBPQ9	120
A37BU4ZB43TL36	121
A3R3KEX2WAKSY	122
A2JY2IMWTU4FLM	123
ACIQOD6E77N5F	124
A3IUDIPEMB2EE8	125
A3TRI1GLLR4BU2	126
A2K3OL4FRZ8C4N	127
A510GFZQONEXJ	128
A1WCP56RX0JXAD	129
AJGU56YG8G1DQ	130
A2O2Y0UOB48UT5	131
A2WNVCJCFE82QB	132
A2MT8JZSQI7YG8	133
AV5M72QCNOVK6	134
A2SEIN7KXDKK9J	135
A3LZO6UFOAE0JU	136
A2A4T3NHN1P5ZS	137
A3D34I343LG3F1	138
A6B7X0ABITGHR	139
A3UWM5Y2COSJPA	140
A2E829OI2WYQV3	141
A2MLUAAQFEB6WF	142
A8OVQQRJ2TE5B	143
AQRM319K706HZ	144
A15BT7GWK4AAMD	145
AG78NCYYTD3S1	146
A1GQKWBCFUJJYW	147
A929VZCKGTVDO	148
A2ZQO04VSYQ6WG	149
A2WNXS3CNAQS01	150
A1ZTZLCU222JPC	151
A1BM8Q68BVS2PZ	152
A1MKS8KSK36VES	153
AIJ3JAT8596TA	154
A2XZ7OFHNNKOQU	155
A1ZFEN9RTB58OD	156
A3OH4KCJME56WV	157
A2YUH53E6Q6NHH	158
A3JMSUIUQD6LJB	159
A6YBOIKMVJT33	160
A350H2P7HN9B8W	161
A25TAOMXYI0HEU	162
A15T5Y4KEG9KSY	163
AKXB67CNODNPR	164
A3M49OCYNJ0X4	165
A3MYZNDAH548J7	166
A27X79CCRVDXCQ	167
AQAJ10OFJ3ARP	168
A26R9RQATQ0PQL	169
A1QCPCX9YM2VQP	170
A3U4GW06XNSI2Q	171
A1VOOS3JQ0AI8C	172
A2T8KEA8791MQ0	173
AJUZMJ7C7WNPL	174
A2L90R8633NPWZ	175
A19EF05WDNULJS	176
A291TCX4BEY4JA	177
A33ULIP6QANJ1	178
A3M666LJCG5W0G	179
ADEP68XDMG1UG	180
AJWA3TU1218AQ	181
A37MK3UFQ42BJM	182
A2OSRYQUQUALEG	183
A15L4ODA9WIHC4	184
A1EWQD2XZFUNDA	185
A2CEGBIB3D9ALX	186
AALSKXNSX065U	187
A23QKQPXQ8ZQR4	188
A2EQ4XVF0F08VE	189
A3CLW2EJ4WBBAO	190
A1KP8VZQHMZJQW	191
AEY9R59KIYLA3	192
AXCIWNWUYX34N	193
A2JRRT2LJE660A	194
A2DQ9OB2YUVSZM	195
APMU1HC2OLY11	196
A1021X1F41GBCJ	197
A3LT5MUZPG76AX	198
A2B6STR6X4RA7N	199
A2RYM522VZ3MEX	200
A1UJSOZN1ERD2A	201
A1P1G4H43E206I	202
A1HTB6Y7MQT6LZ	203
A2LDR2NSJIJPGS	204
AM30DRA3YJBEK	205
A230FZXK8P7QVN	206
A2FK6QTW5MU07B	207
A2MNP2DJ9XMVXP	208
A1AIM02PP1FI0M	209
A3CAS0IL2ORA50	210
A1HBL1QZ1PK7JB	211
A8Z3ZTH2JN0SF	212
ASGI7E0AJ8H5X	213
A1HH6Z1DU7EJQH	214
A1NWOIT53EUA9U	215
A1LCIJ00E80ATP	216
A1XTRCXQYYHMMM	217
A3TK5TSBYTCRYD	218
AQYYUN3T7B0WM	219
A1MMVPXI5B8AGQ	220
A3Q8Z3JFZNUC07	221
A3PUQMYVCHJDC4	222
A2CEF79A2TSV4T	223
ASF0JZOM4J44I	224
A34I45DZFU6JND	225
A1H1JZ79JTKO6C	226
A9JZ5FTOAPVNJ	227
AG5MUG0TV9DW0	228
A8N448P97WY8S	229
A13DHG44RUZTRZ	230
A2TI3FHD95F7LA	231
A3GNTEIE9FHCXB	232
A3MHMM7V648YZA	233
ANDCIRDLNLV47	234
A20XBCCPZ1LKE0	235
A2FH9IFBOQTFNP	236
A9726YE8SZR7W	237
A3B35PX256JIA0	238
A3NBS3YQ372W51	239
A184RI3I2I1DBT	240
A13THTOCMVGPHN	241
A3SWY9IV1VD13Z	242
A23IEX8L10XWE2	243
A3U7X9WM653YPS	244
A2TCI0C6PWWLW2	245
AFPGJ8D38X2YB	246
A13DS9DA3ASN4N	247
A1IANEBSMVGHS9	248
AZUMVJS0QEND3	249
A2VX8J2HVPUIOE	250
AIMKVU742X3QA	251
AC5CZSOZMM0Y4	252
A3RK6W401Z6MTP	253
A2B3CH9MB8K9BP	254
A2120DYTI72R5V	255
A1GTSLH0H8LNNH	256
A19LBYPBEPMXJ1	257
AEF5BE07FP5JV	258
A1MW9XG9GB9EGX	259
A1TZYJE0LONWUE	260
AWLK6NSSV0YNA	261
A7AG3ZCVU2YNC	262
A17VIBT0O9LTPO	263
A3DC7Y9HO0C457	264
AC82SZBJ8KMI1	265
A23YT4T0IUXH0C	266
A3EKH53KAQ7O6S	267
A3C1DT21JWS02	268
A2X2IMHMK8178U	269
A2J946Z08UXM5P	270
A3FFDK09UJS1TD	271
ALVW82072T0V6	272
AAEDI63SPD3PU	273
A1RXASB0XM536I	274
A1BA9YVS6QC41	275
A2AJK4QJHIWIYE	276
A27A296IQHMDED	277
A37CZULJGF3JSX	278
A2Y7O6SYH62N19	279
A3N4H0L1A632DP	280
A3K3SE4RK846WO	281
A3J2Y2YF2GJYCR	282
ASTQMYNESCQKH	283
A4ZPD068ZFR1W	284
ASR08LA6ZRHQG	285
ATY1TGX2BDL53	286
AIVG3UOSNEQD6	287
AZM5AKLRCPOJX	288
AUPUZ14778SD7	289
A2D3BPHE38JUHG	290
A2LPN2IMCGRUUJ	291
A12C0UER29529W	292
AHZ7WH9K4DSBP	293
A1SDGZL3VXTWYM	294
A1I7BJSEVHW2DU	295
A4CJHIO8KSIB5	296
A1G9SNNWU5XAI9	297
A1J8PVEAZUSS6L	298
A24X6LU0ZHKD5N	299
A18OD5X1SOX00M	300
A1921B3ZS1VF8Q	301
A18OJ0ERS7S2J1	302
A3UH2J8ZB4T4O7	303
AORWQQMD9VR4B	304
A237NWWZHY1W2T	305
A2NF6Q2PIPXUC2	306
AF9SQ0S6UR8N1	307
AEK5GOE7UFP2P	308
A34UM4YJ56FODW	309
A1O90WPVWSN7C0	310
A2HHX876PGDZL	311
A1B2YFEAQP27EC	312
A3PPXFIVMJ9MV8	313
A2BV4DT6AP1RAC	314
A18MUR2IWCVRQX	315
A3EREZUA8JWPJC	316
A1FHJ4UKGSECVN	317
A3NOBH42C7UI5M	318
A2G38NPSW1F8MC	319
A1F97EDZEYA7K2	320
A1H0NLCX4T2CQF	321
A4ONPTKOHKXPB	322
A196POQVTSKYN5	323
A2JZNAFGOTFDWP	324
AIVKCFQTXD7TA	325
AN1IYI04VJO4U	326
A2ACWDM7T1BB5T	327
A1BJ9XCWP68XM0	328
A3HGX340RSQI0L	329
A1ZL24NQVD5R0	330
A3VDRPG96JKE41	331
A1CA0URFV7IXUM	332
A1OVERR2X1A6AY	333
AB1D29MV2JKPA	334
A19ZH3K2OVU8VA	335
A12JF1M45OIDD2	336
A141J0LEY0M9CG	337
A14DNCG5WHM86Z	338
A14R2TRNC07U9Y	339
A2IX78SEP2XHA	340
A36PYL1X0N2HBX	341
AS1NRRQNGMDXZ	342
A1HPMT54ZH0CNI	343
AL35G4ZUOWVOL	344
AM188RARFCUSA	345
A34S1KTBL3XI16	346
A2GX3CB5Q99KIK	347
A17FQMXH2W24GQ	348
A2XMOKS6AJRJ04	349
A2XWFSMXJ1RR0R	350
A3KHIBFERCW890	351
A3PDXPCW7UK3CO	352
A1I2TH6ZM3E8H1	353
A380ANATPC01GM	354
A18IMQ9W3XZQUU	355
A3EKU31JYEUGZ3	356
A2YW7Z8V5JEAE3	357
A2WLA462N7WMDP	358
A3EWLGFZB4NGM9	359
A1CRXUY404ZXQB	360
A3PV6IKQUEF9N2	361
A1TK0IHAZ7J43J	362
AR47PF0XMC9CV	363
A1F86CLPN2CQ8I	364
A27EPKAU7527OA	365
A33OH380L3DW0Z	366
AP2RQF7PNKTBL	367
A2MZKOEVAI2CWE	368
A1QKU0KE0ACQGL	369
A3SP7Q41PG4ZGP	370
ARQ2GM9HJC2B1	371
A25G72U0FY0N7N	372
A1KC0LCX0IWI65	373
AL90XPG0IPBJ6	374
A67ZXSOC2XH4O	375
A2XBK86ETFFPIV	376
A30TQDYAFIE77U	377
APT8W7YC5CL29	378
A2PMUH0E3EV774	379
A2UUX04WZ737MH	380
AO8HJ8MZKPUWC	381
A2W22XWVW9UL6V	382
A2F8EOU79DK8DG	383
ABW5SZKIL587F	384
A1PQB3ZS1XPZ2T	385
A1BUVOGGFTGMBN	386
A28BAHEWLIZDRK	387
A2N5G1JF94MSXB	388
A39JMD39LDKGN0	389
A24LLSROK0CH67	390
AEFITEFFACQ1V	391
A2KIYHQIUKRJP8	392
A2EPMJMFAZAG6A	393
AM8J1UVGVYAL4	394
AFL0IN4DW32S2	395
A3I9OEZ4PG82WB	396
A2H52UPQB5UM4Z	397
A1LR660Z19EW7R	398
A2KUMUXJA4IYLM	399
A1E7QLJVWNFOZY	400
A3GTVBMDSIXRIP	401
A27B7NWCYVFAM2	402
AF74VPDSL69FE	403
A27HOZDOIOK5U6	404
A1U89JA2R9NWDO	405
A1YJTT5I2MN34Y	406
A1COTPKUSBQUQA	407
A9YJDDFSIMW9S	408
A1O5O6VFS57VFI	409
A3PRQ5HBAX8DW0	410
A19G3E44NZUDKE	411
A373SA8OLRCEFD	412
ADS4BX2ECM16E	413
A3S1PY6R1BF86L	414
A2D3FKLPC6TZ9T	415
A9YT7X9WUUC65	416
A5WZB6J1NLEV0	417
A3IKCAI3QWDYER	418
AN56EAXXWU3IN	419
ADEO4NSRCXHP2	420
AW2EI4Q820KIO	421
A1GA3XYWVS0O1	422
A16647LCA0LPK7	423
A2O30DLTXMOZN5	424
A6HR1WT2Y7K65	425
A2TA2M98C5LQ9M	426
A20X92A4MWWJER	427
A19QCGX9G2X2GZ	428
AG8SXXJQZ5ON5	429
A2GCEBDTV8R0M2	430
A1KJSK7AAAYMTC	431
AHQFMGLIDNKTI	432
A2X97L855PLURR	433
A2X4GMZMDYKYXX	434
A15CLB0OADMQKA	435
A2U6UPHSBJ0SOY	436
A18W7078NJ56LL	437
A394OJRZN1V2JB	438
A3K2081NRA75BW	439
A2N5NJWQ7ZY6JB	440
AMIRR2G1NOQQK	441
A37LJXHP96WD7P	442
A1M1V85HK88IE1	443
A3T70YYLB0E713	444
A2SH2AM8NXTLBF	445
A1F41BJHHOL48Q	446
A2O7354D3E8UO2	447
A1D4CTGYCPP6JU	448
A198CCH4NNLI2E	449
A1MSNVR6KMVHCN	450
A2FX7BMGKJ4OIT	451
A2INB3D8ZQREFO	452
AYFIBXKN41GP7	453
A2C4OPFKJMY8V1	454
AB0BF5Q061U4F	455
A3PA6B0K5CXI79	456
A16G1TD9YXM6ZO	457
A3SYY909S845KW	458
A3156LH0U0LA6P	459
AGL5ERWNKYP79	460
AFL3J7PMJIE6N	461
A33DO9WZQ8KVBJ	462
A30J0DKNKCF7SR	463
A109BZ1JF9YTR9	464
A3FCKVA6E5BD1D	465
ASDSE2DSR1RCE	466
A3HM2WT60542SP	467
AO4OIK8IVUXAP	468
A3V2PM9BOUVFYN	469
A7LE5B4KDUD5X	470
A27M7N7S5QN74C	471
A39BD0JYL5SNRU	472
AGIMJI9KY0OFI	473
A246YB9ETBKSRC	474
AG0MCM1AQKJRI	475
A36ONU6QLYRDSN	476
A11MM2RJ73B5A3	477
ABXU3VKU4A0T2	478
A1SVWVGGSOT1P1	479
A3MLCCF9US8KDB	480
A35T7AVM3A5F4A	481
A1AARMR653JKX	482
A2DXIZ4ES0QN1K	483
A1D98BFYISNW4O	484
A2PYTV71CUGY80	485
A2ULC1YNGPW1O9	486
A1IGO9Z63YQSDW	487
ACGOCB8ONA7S9	488
A22V7CIY367UGX	489
A2BXRSNO3OVFV3	490
A30AY9L6RKMED3	491
ARIYHIPYNJURX	492
A3SS5EQ46NSLV5	493
A1K1YV2K1958SE	494
A8AHHH5C6SBTE	495
A5ROX0BNNF9N8	496
A1BDNK3GOLPJL3	497
A2EF8N7ZE7ONWX	498
A39Y0OQJJIRTL	499
A3JEFPEUXUS0I	500
A2D1KIELA53FAE	501
A3AQ4PYKSM94P9	502
AB24S63CZPQU	503
ALJPZVWOH2V68	504
A1BG12J0XSIDQI	505
A3TOPA0K7DDRKS	506
A3K3U6PPTQCF2M	507
A22CW0ZHY3NJH8	508
A3UGQ46QYT3KFZ	509
A2IG68RFC3AIL8	510
A18OTM40AHND1K	511
A1G8P53Z80XJEA	512
AUXQ7F61TTA53	513
A36GBYG56FMW55	514
A1RYIGSEAG46U4	515
A1L1WN782MK067	516
A1USZUPBQ3Z3WP	517
A12JWDTR394R5P	518
A1EOL1UNHCQ2OK	519
A1ESSN3AWYWUTL	520
A34J8GUVL126ED	521
A2FXFUASIZBIZ1	522
AWKM65NURBMVX	523
A19QGXZ1YSHML2	524
AOEUN9718KVRD	525
AF8SREA2XE7BJ	526
A1HBEU1XIP0M6D	527
AUV3OR951650C	528
AXMM4F2OVZVBK	529
A1HYNLZT3VSMYL	530
A3EBQZJIJ6VF75	531
A1S079P70W0LXA	532
A3F8LMJKR5HAH4	533
A39GO6O7VIRF4V	534
A3H9EUF9KB0AA6	535
A2ID5QQ1ZF9R2W	536
A2E05ZD4YFPPUX	537
AWANCZMWZ16JF	538
A31E8OGS9UA0NW	539
A1C4J5MRES1KRK	540
A3YQHR16ZIY63	541
A1O0JRU7IYBV6D	542
A2KGWNYIE7KLLA	543
A1T542A0B9OYVJ	544
A3Q0XNQUB1EILY	545
A99QUDB6E6VBP	546
A20L63B48RPSOH	547
A1ZCYIK3SLXA	548
AGSX3MZ1T791Z	549
A1D6KK1ZXDB5V6	550
A15Q3QEHN5JVLA	551
A1B23P1EVL3EGI	552
A36BTPMVB6B84K	553
A2Y67I6C50BBJY	554
A2N60M7SVP445L	555
AKMWKYH0J77HU	556
A1FSVJRNZS0O1T	557
A3IU7IR378D2NI	558
A2Y1IOE697O40O	559
AND0DIODYDZ1D	560
AF6PUDIHDKBII	561
A3T5SCS955T7X5	562
AY499UHLEYIXT	563
AKSEF1DI0KP8T	564
A1RGHDW20QMT7E	565
A1WIB486Q684IH	566
AAHP5SI5Z5NFM	567
A1MQP3XF5TSTIM	568
A1SGRZOVXZ5RK0	569
A2M9417ZF8CZW8	570
A29IKNSY3PZJOY	571
A2MCLU8Z6W9TR5	572
AO1AXCI04XDJ4	573
A2BJTZ5JZHAJ9B	574
AN3LBDI37SF86	575
A1M7UYNRJRY8IP	576
AILJ49SI93LTS	577
ALZNCJ9X4GFVL	578
AM4KMUINGPQ7S	579
A2YJL4ISN89PEI	580
A2PGJ6XD5T5300	581
ALEH9S2VSBNDS	582
A3JPFWKS83R49V	583
A7EJERNB7IK3Z	584
A8TMJ4E1X8GUW	585
A1I73W3C57J931	586
A15D2X8MICR2VQ	587
A2NTITTGZOMAOI	588
ABHQQ7MOH8QXG	589
A1Q1YBPP2XRXEI	590
A3F54A3K5CGLEV	591
A2TIZYHKY3TL6A	592
A2RTTFPX5NRCUF	593
A2ZK1TTLG9BKBD	594
ALLHJD3KZF9KC	595
ADDRRWVAHNBOX	596
A24BUT5LD6FNQ6	597
ADLZJAODZKPO5	598
A3KZV3WIH9MIK3	599
A2WUQKS19VC2A0	600
A1C5B7HZDY1UXW	601
A3JABB4NAPKLC0	602
A2RF2XDFGU6F82	603
A2JSN5XCA73168	604
A3C2GNZ68067L0	605
A1A49SDY4T7FTW	606
A1I3QCVHTDCZIV	607
A5EHML06XUOXA	608
A2J5I8EPWXJEGB	609
AAC67P4KTM968	610
A1LC2TGUS1564K	611
A181FOCIFYLW0Y	612
A3KWAN5J031OOU	613
A1J1LWZ0MF77AP	614
A2PVVA9N4XUC5P	615
AYIR6XDKFX0B2	616
ALOPR5M2VM6MJ	617
A1C66H8WXJ3JM0	618
AXZ0LQR3R48TY	619
A2ZR0UFWJWVRHO	620
A3EJ17SCM05BPK	621
A2J8I1U42G91QE	622
A8LCMZ8UNDSAI	623
A3TU6MXNCAX8F7	624
A1RNDGTZFERX2G	625
A8UDVUIRES13H	626
A1J4VIYHH8YOUM	627
A1OMGQEEHGWBSQ	628
A33DGXEZ1L8NQD	629
A91E9HPMY2KHP	630
A3NHUQ33CFH3VM	631
A3TXMVO58EFM39	632
A5P6SLHC5PPBV	633
ANJKB24G4QG8C	634
A2LUV2CFNZ8J9D	635
AEE3HHQOZKKIE	636
A2UOP6FK6S7KT9	637
A2ZBDFJFQ9YJIR	638
A1ZBEIL78MLR9Z	639
A3D8MY7W6XPQQG	640
A3536CV0MC0PF4	641
ACHIZPQ5JODQ1	642
APQU90CFJS0AE	643
A31HE83MU98GBV	644
A2KIVODZRTGY4U	645
A3CZTRAOXQBNYJ	646
A2FW4ANJK30DYO	647
A2JHOWEW1T7W9U	648
AVKMQUQUZ9OVI	649
A2TGJHWQ7JCCJK	650
AKMEY1BSHSDG7	651
A1STZSZMDNB0KS	652
A2U9UF5ML6IT2T	653
A125N3UH9XQMB2	654
A1UJTR4M3RWOK7	655
A7J06XNT3BOUD	656
A2QDET3DZXB05A	657
A72YM8A2F9YXT	658
A3FMZTOX99VFVZ	659
A2AOMAVLH5KAEW	660
AXEC0L5OSM81	661
AM2EMJNT4BXUT	662
A1LWOI0SAWMD34	663
A1MVTXOZOM5AYE	664
A13TTBN9N7JAEN	665
A1UQNPIQ52PYSN	666
A1FBZV1US3G075	667
A3AJ6JN6NX5PQ4	668
A3FMPT5IH0CJ50	669
AUVUTAC87UL1X	670
A3D52CZ9YY4KLW	671
AVZ035YDHUQ2A	672
AFM7FK7NFEKFZ	673
A2JNJ1G53RU9FU	674
A1Q6UIYR4JUX9A	675
A1PW7RMTO9UCKN	676
A16N7OQ6IHUTO2	677
A1WYPL0OTLHH7Z	678
ANPHYZGDANR45	679
A370LEGDL7SL3N	680
A2FDGCKOWQBSGT	681
A2IJOBHJXEZSS2	682
A1YE4JNWVU7ULI	683
A37AIDH4L0Y8ER	684
AV6FKIKIAP0B0	685
A1Q979QRY4W4M0	686
A361X5BJJFIZED	687
A3Q9HY0LU7MN6E	688
A3LH4YBGPQGBVK	689
A3ENRDE8WJX817	690
A3KB81SM8F5PLF	691
A5MZXOCJTS1VN	692
A2SXQ8QP7LORDO	693
A1CR02BML89Y1I	694
A2B8V5HGXLYIDV	695
A2Q1SKO8XAUINC	696
A3RMDGXN8T6D1F	697
A6KINQPNEDZPW	698
AAP2FVNEV2PC7	699
A3CH3XIWNFRZ0	700
A3258AIQI17ZEU	701
AS88O6T6NQQ3D	702
A20FWQVWLQT1H9	703
AM9OVBQ90FO0Y	704
AN6KLB4IKTMJ8	705
A2OG83SEU9HL6D	706
A3SZE6MZAZY96C	707
A39LT9VEI2Z7KW	708
ARN8KGOV19VZJ	709
ARABH2JCGGQHY	710
A2TMKQFQ0W6GM0	711
A2TNMG3EFM31YC	712
A3NEAETOSXDBOM	713
A3AN7WHP4DJDN7	714
A3UDQE8MM6FFBR	715
ARQBZYLCWEOFU	716
AYO4LNU5VK7RI	717
A105LFG3MT4N23	718
A26VHYTED79U3V	719
AE8M2C94WSWQ3	720
A2QPD4W73Z35B	721
A2JYYYLE5H3JWT	722
A7VJO90T14O4V	723
A3BGTNQ1BQDXCY	724
A1LXUUMCF5PI5Q	725
AXXXJXRS1BQD2	726
AEUL1KUFDAXM5	727
A3LAMJS25LJ6I6	728
A14VWGZIFHMF2T	729
A39UYY0LJ6IO6Z	730
A2WF5335Q07SRX	731
A2D11ZNRSDE5FZ	732
AE9B0N86KP1OU	733
A2FHJBUGKTGB4R	734
AJHZOKK6Y4LME	735
A1SUUQM8F0ZBNU	736
A9XMQ24ZKXYSN	737
A1URMXEEWEQR6V	738
A1MFIVHYJS11WY	739
A1YDLICMQW2DPT	740
A3VKSKT5SJ0PPM	741
A3G9H9PO9E7C5P	742
A3GANUWACYPJ03	743
ALWIY0BRL8GJC	744
A1PTBXZG04GT29	745
A1XAYSI96X8YVH	746
AN4VWRDH8JGSV	747
A1LJUBFU23KMP6	748
A2QSLO51UFKCBO	749
A1AD6MIH2DPVPE	750
A3N0EJPOYKI88R	751
A3IQ8NY0DDPNLE	752
A1POD4SH35DZ3X	753
AFCFQZWVOKSMC	754
A1FG8L2UUMCLG6	755
A4571A3Y1HC8K	756
A2EV4BU1HDWKJ	757
A2V8DFJOVTCHIQ	758
A1FDHLICPVECM3	759
A10TFATA0IH6LU	760
A5CDMTW6JKV5G	761
A2HHC8U8ZSBYCQ	762
A378IB5H7JI3G8	763
A3C7MGYLZ7REYL	764
A1SC9SO6BQ5VD6	765
A1G85HUQ51BD30	766
A2A4M3EDEUKG3L	767
A3E34DDQIMWJJH	768
A2GZX4MOA9D534	769
A14UFSSFUD3KKM	770
A2UAQ83AY3C3CY	771
A2K1BWGPFJX9E6	772
A188Z27YKZJAVO	773
A2ZK5LVHUHZVD5	774
A3PIX8EN9ZMOLN	775
ALWY4OQ8BCOKZ	776
ANIEIVK8LN1H9	777
A2P07DRGFFYD2M	778
AXTRIX94QS9A5	779
A3E9SOQG8XUU43	780
A3POXMCWJD594	781
A1NNZ6RCDQ2DCN	782
A17OSNSSB6KKAQ	783
A1VXIY1511XQK2	784
A1SHLMPWR0FOVT	785
A3A73FMG629P9W	786
A30BCRSABL9AYI	787
A3NMIZOMLSFOEM	788
A33E0CODNP98PV	789
A3KADK9IQVWP7H	790
AN9ZU1PKA0V95	791
A2QJXGSET1NF47	792
A3AE2LAXSIML73	793
A3T5S9UEKFEPO3	794
A1L3C40W4PRMHD	795
A3FCSDXHVO7FXF	796
A2XP5LHBFWD2DM	797
A2U138G3VKRZSL	798
A1HF1SC6NCYKSO	799
A3JEKLHPSQRR61	800
AUZ1DW69I2N7C	801
A2V9DTXTQ5YIMK	802
A1BQQ2MUE0QK5P	803
A791QXBYPINLM	804
A30QQP6J6OQHUG	805
A2VWE5SGNDS8HW	806
A1MMBXQB15HVA0	807
A1K1XKNEZK8U82	808
A3RFNW5FEBRMZP	809
A1OLROW6CP5ZR0	810
A3IBGWP53XMJY5	811
A1ZXXEVVZ8T5UE	812
A2IEDH7EMJ3IOM	813
A39H8XLTYV2U5E	814
A2L3KJ4F1V5X97	815
A1GL546YZPEVOM	816
A3F28ESAPP1OED	817
A1OFR9OC3F1GIP	818
A30XAEI26Q92US	819
A2HYZGXKHMP5RD	820
A28IWT23WJ1Y37	821
AJ4LN2C5R1BOF	822
A247F101CP6ZLX	823
ALZFSC56OER46	824
AP2IN0PYHKGBO	825
A3QGGRYKBSKIK5	826
ACI7KFC0HMT87	827
A2MRYTB4QYINAI	828
A2CV6UVONDKEFQ	829
A38IRMNIS4CLT9	830
AU8C8TZEK3IB1	831
A17XGKN2FYSXGR	832
A4ZTZFOO75HD2	833
A2E0HZA0U2QAQ4	834
AHFP1CN2761RF	835
A3046GZ5ZK57KI	836
A1G4WLQKJW4M2O	837
AC8KQ9I10G3SP	838
A39D4O4T0KQ808	839
A160OJIXFKZBN4	840
A2H3PYHAC020YB	841
AL1AQWGA146ZA	842
A02155413BVL8D0G7X6DN	843
A2VIOKEVBQFWGW	844
A351GAQ32105K2	845
A3J69CHOVM6Y12	846
A1O51210YXWXWH	847
A18S1X4C1HR1W5	848
A1NA4V36SJ2SM1	849
A1FC43SD7P38WQ	850
APFFKLQX3EZRZ	851
A1FLO2T2QHYL9Z	852
A28P5LZ0R2LA4J	853
A1RQA300MOSSM7	854
A3L7OPIFH1UMD1	855
AFDYSE0RI2HJP	856
A2L3Q1TMR0Y8VV	857
A2B4L1YPVC2D9C	858
A3A8SY8X1J2AX8	859
AEBKM4ZH6GS2A	860
A2QPO90RRN4R2J	861
A1BST7G6W508F6	862
AKNE3KV1YZZPN	863
A3I0H91X85WLC5	864
A1KYFX99ECD9FM	865
A29W53IRIYDZS6	866
AS100TIPJX8Y4	867
A3KY80YXYB2XZR	868
A3FDG1ASGMUQSL	869
AMKGRJ8ZAO7Y8	870
A253I5DZKAFJ4I	871
A32PJGQ0X3FROF	872
A1L8NXE6CHNZK0	873
AJ9ET7JRURFPX	874
A3LIIGTAKLD4W4	875
AGEDOS5TV2MFK	876
A321WGTJ8HME5Z	877
A1UB4N16BZBG4B	878
A2W2I8BHK2W10I	879
A1OGO8JO868UG4	880
A1X9RE3J400EBG	881
A1C1C4AGHYDM4F	882
A1WRLFWXQGGCD8	883
A2JALMPCL7OVIG	884
A12YSUHTXNY9D	885
AFE4ALSFP3F7A	886
A2F2PJ6248O0P8	887
A3UQW8PYBBQI9P	888
AZKPBWYY14GK1	889
ABK99ZG5QO6RA	890
A2D8GHGV1YCKEE	891
A3AF6E0XFNMCMA	892
A2KP8B9JP3YNEN	893
A1VP5MZE36H25J	894
A2ZA41S47HRLMY	895
ARGSBKB6URF10	896
A298F32S0REZ1R	897
ACLWSOK99P6G9	898
A26VVHU60H0OSA	899
A2ZM9BGE3K3SY2	900
A16SZ9Z4JJXNW0	901
A2JW331ATA1PP2	902
A1QGJV6A1KOUBZ	903
A2YTRVX1JAVGWK	904
AO0PUGGGH3IH7	905
A14OQ67LM79KW3	906
A2ZEHZAJNZ4VRX	907
A2GKHJ7W6OIU8Q	908
A3TP978RRJ6Y93	909
A1B77TKAUNFKOH	910
AIW6QF7XRJF8M	911
A2IS6VTDM14IR3	912
A2PQWIBBVGDVLV	913
AHK9Z99W9UQE0	914
AO5IS72AH2CEZ	915
A2ROS5VVU6LIVY	916
A3QO04PYHINBRZ	917
A3R7Q2RWQ8K2S7	918
A2MIZ6QH53W0D7	919
A2SIKWV4B086GA	920
A1TYUOQNV1E4L0	921
AQ6UZQFBBNSYS	922
A2SNRW54B9OS5S	923
A18JUJGV2CCRZ3	924
A1Z5N9JLEXEQ7U	925
A35D4YE3DLBI0R	926
A2B69CZ1JT3PKS	927
A1JB6K8WO8AEV5	928
A2VCGDE810CAMX	929
A3P5T6X3X1HCPI	930
A1ZFUVIC4U6BGI	931
A3T2G352GLIEZZ	932
A36LX5NJ4YF7Q3	933
AQCHVXD1R9WYI	934
A1UMS19OBYH5YM	935
AQV9CHFI079SK	936
A3AKQQXXTMJ1QQ	937
A3DQN9Y059YUNK	938
A2EZSIQ2JIX7U0	939
A3N9UTRK15DP21	940
AWZDP3WYBUY88	941
A1TLJQOHAHH1EC	942
